insert into khach_hang(idkhach_hang,Ho,Ten,Ngay_sinh,SDT,Email,Dia_chi,CMND,idloai_khach)
 values (1,'Nguyễn Văn','Dũng','1993-04-22','0236599947','dungcuteo@gmail.com','Vinh',251361,'Diamond');
insert into khach_hang(idkhach_hang,Ho,Ten,Ngay_sinh,SDT,Email,Dia_chi,CMND,idloai_khach)
 values (2,'Nguyễn Thị Mỹ','Vui','1994-02-10','0236799806','vuive@gmail.com','Hà Nội',435202,'Diamond');
insert into khach_hang(idkhach_hang,Ho,Ten,Ngay_sinh,SDT,Email,Dia_chi,CMND,idloai_khach)
 values (3,'Nguyễn Thị','Ban','1995-01-03','0511120327','bandungcam@gmail.com','Đà Nẵng',465654,'Gold');
insert into khach_hang(idkhach_hang,Ho,Ten,Ngay_sinh,SDT,Email,Dia_chi,CMND,idloai_khach)
 values (4,'Dương Nam','Hải','1987-04-30','0905907195','haiduong@gmail.com','Đà Nẵng',660012,'Member');
insert into khach_hang(idkhach_hang,Ho,Ten,Ngay_sinh,SDT,Email,Dia_chi,CMND,idloai_khach)
 values (5,'Trần Văn','Đại','1996-06-10','0126188131','daicuto123@gmail.com','Quảng Ngãi',680896,'Platinium');
insert into khach_hang(idkhach_hang,Ho,Ten,Ngay_sinh,SDT,Email,Dia_chi,CMND,idloai_khach)
 values (6,'Võ Thị','Hiên','1988-12-02','035839968','hienhoiha22@gmail.com','Đà Nẵng',323142,'Silver');
insert into khach_hang(idkhach_hang,Ho,Ten,Ngay_sinh,SDT,Email,Dia_chi,CMND,idloai_khach)
 values (7,'Bùi Tuyết','Linh','1977-04-12','0102224305','linhliem12@gmail.com','Sài Gòn',313292,'Platinium');
insert into khach_hang(idkhach_hang,Ho,Ten,Ngay_sinh,SDT,Email,Dia_chi,CMND,idloai_khach)
 values (8,'Phan Thị Phương','Trâm','1996-05-01','0203583341','tramqz12@gmail.com','Hải Phòng',423323,'Member');
insert into khach_hang(idkhach_hang,Ho,Ten,Ngay_sinh,SDT,Email,Dia_chi,CMND,idloai_khach)
 values (9,'Phan','Lý','1972-09-22','0500319557','ly61q2@gmail.com','Huế',523195,'Gold');
insert into khach_hang(idkhach_hang,Ho,Ten,Ngay_sinh,SDT,Email,Dia_chi,CMND,idloai_khach)
 values (10,'Nguyễn Tấn','Mạnh','1996-02-21','1023635528','manhmeox12@gmail.com','Lào Cai',468177,'Silver');
 
 -- -------------------------------------------------------------------------------------------------------
 insert into nhan_vien (idnhan_vien,Ho,Ten,idvi_tri,idtrinh_do,idbo_phan,ngay_sinh,CMND,Luong,SDT,Email,Dia_chi) 
values ('SALE','Nguyễn Lê Thu','Thủy','ChuyenVien','Cao đẳng','Sale','1988-02-23',157562,'7.500.000','0968507108','thuye12@gmail.com','Đà Nẵng');
insert into nhan_vien (idnhan_vien,Ho,Ten,idvi_tri,idtrinh_do,idbo_phan,ngay_sinh,CMND,Luong,SDT,Email,Dia_chi) 
values ('SALE1','Huỳnh Thị','Hoa','ChuyenVien','Đại học','Sale','1984-10-15','206021','8.000.000',0968892633,'hoa22a1@gmail.com','Đà Nẵng');

insert into nhan_vien (idnhan_vien,Ho,Ten,idvi_tri,idtrinh_do,idbo_phan,ngay_sinh,CMND,Luong,SDT,Email,Dia_chi) 
values ('HC001','Trương Tiểu','Huyền','Lễ tân','Cao đẳng','Hành chính','1995-12-29','889045','5.000.000','0968760450','huyen@gmail.com','Quãng Ngãi');
insert into nhan_vien (idnhan_vien,Ho,Ten,idvi_tri,idtrinh_do,idbo_phan,ngay_sinh,CMND,Luong,SDT,Email,Dia_chi) 
values ('HC002','Nguyễn Thị Quỳnh','Như','Lễ tân','Đại học','Hành chính','1996-10-12','673377','5.000.000','0964348848','nhu@gmail.com','Quãng Nam');
insert into nhan_vien (idnhan_vien,Ho,Ten,idvi_tri,idtrinh_do,idbo_phan,ngay_sinh,CMND,Luong,SDT,Email,Dia_chi) 
values ('HC003','Phan Văn','Tuấn','Lễ tân','Đại học','Hành chính','1990-10-11','167775','5.000.000','096457420','tuan@gmail.com','Hà Nội');

insert into nhan_vien (idnhan_vien,Ho,Ten,idvi_tri,idtrinh_do,idbo_phan,ngay_sinh,CMND,Luong,SDT,Email,Dia_chi) 
values ('QLb01','Huỳnh Lê','Khang','Quản lý','Đại học','Quản lý','1977-10-08','738859','9.000.000','0968554120','khangkhaukhinh@gmail.com','Đà Nẵng');
insert into nhan_vien (idnhan_vien,Ho,Ten,idvi_tri,idtrinh_do,idbo_phan,ngay_sinh,CMND,Luong,SDT,Email,Dia_chi) 
values ('QLb02','Phan Minh Anh','Khoa','Quản lý','Cao Đẳng','Quản lý','1967-12-03','931861','7.000.000','0934787158','khoa112@gmail.com','Vinh');

insert into nhan_vien (idnhan_vien,Ho,Ten,idvi_tri,idtrinh_do,idbo_phan,ngay_sinh,CMND,Luong,SDT,Email,Dia_chi) 
values ('GD','Nguyễn Hữu Nam','Phong','Giám đốc','Cao Đẳng','Hành chính','1966-12-23','937823','20.000.000','0905278872','phongba@gmail.com','Đà Nẵng');

 -- -------------------------------------------------------------------------------------------------------
insert into nhan_vien (idnhan_vien,Ho,Ten,idvi_tri,idtrinh_do,idbo_phan,ngay_sinh,CMND,Luong,SDT,Email,Dia_chi) 
values ('PV01','Nguyễn Thị Mỹ','Hoa','Phục vụ','Cao Đẳng','Phục vụ','1995-12-29','399258','5.000.000','0389434074','Hoa@gmail.com','Đà Nẵng');
insert into nhan_vien (idnhan_vien,Ho,Ten,idvi_tri,idtrinh_do,idbo_phan,ngay_sinh,CMND,Luong,SDT,Email,Dia_chi) 
values ('PV02','Đỗ Thị','Nga','Phục vụ','Trung cấp','Phục vụ','1996-11-28','265416','5.000.000','0393530526','Nga@gmail.com','Quãng Bình');
insert into nhan_vien (idnhan_vien,Ho,Ten,idvi_tri,idtrinh_do,idbo_phan,ngay_sinh,CMND,Luong,SDT,Email,Dia_chi) 
values ('PV03','Trần Văn','Phước','Phục vụ','Cao Đẳng','Phục vụ','1992-05-12','532870','5.000.000','0398563081','Phuoc@gmail.com','Đà Nẵng');
insert into nhan_vien (idnhan_vien,Ho,Ten,idvi_tri,idtrinh_do,idbo_phan,ngay_sinh,CMND,Luong,SDT,Email,Dia_chi) 
values ('PV04','Lê Minh','Hiếu','Phục vụ','Cao Đẳng','Phục vụ','1995-09-04','898415','5.000.000','0378433732','Hieu@gmail.com','Huế');
insert into nhan_vien (idnhan_vien,Ho,Ten,idvi_tri,idtrinh_do,idbo_phan,ngay_sinh,CMND,Luong,SDT,Email,Dia_chi) 
values ('PV05','Lê Thị ','Lâm','Phục vụ','Trung cấp','Phục vụ','1993-05-27','386030','5.000.000','0397789432','Lam@gmail.com','Quãng Trị');

 -- -------------------------------------------------------------------------------------------------------
 insert into dich_vu (iddich_vu,Ten_dich_vu,Dien_tich,So_tang,So_nguoi_toi_da,idkieu_thue,idloai_dich_vu,Trang_thai) 
values ('house','House',70,4,13,'day','family','open');
insert into dich_vu (iddich_vu,Ten_dich_vu,Dien_tich,So_tang,So_nguoi_toi_da,idkieu_thue,idloai_dich_vu,Trang_thai) 
values ('villa','Villa',80,3,12,'day','company','open');
insert into dich_vu (iddich_vu,Ten_dich_vu,Dien_tich,So_tang,So_nguoi_toi_da,idkieu_thue,idloai_dich_vu,Trang_thai) 
values ('room','Room',65,2,6,'day','single','open');

 -- -------------------------------------------------------------------------------------------------------
 insert into hop_dong (idhop_dong,idnhan_vien,idkhach_hang,iddich_vu,Ngay_bat_dau,Ngay_ket_thuc,Tien_dat_coc,Tong_tien) 
values ('HDso5','HC002',8,'villa','2019-01-23','2019-01-25','500','25000');
insert into hop_dong (idhop_dong,idnhan_vien,idkhach_hang,iddich_vu,Ngay_bat_dau,Ngay_ket_thuc,Tien_dat_coc,Tong_tien) 
values ('HDso7','HC002',7,'house','2019-02-25','2019-02-27','500','10000');
insert into hop_dong (idhop_dong,idnhan_vien,idkhach_hang,iddich_vu,Ngay_bat_dau,Ngay_ket_thuc,Tien_dat_coc,Tong_tien) 
values ('HDso3','HC003',6,'villa','2018-03-24','2018-03-25','3000','30000');
insert into hop_dong (idhop_dong,idnhan_vien,idkhach_hang,iddich_vu,Ngay_bat_dau,Ngay_ket_thuc,Tien_dat_coc,Tong_tien) 
values ('HDso4','HC001',5,'room','2018-05-30','2018-06-1','3000','10000');
insert into hop_dong (idhop_dong,idnhan_vien,idkhach_hang,iddich_vu,Ngay_bat_dau,Ngay_ket_thuc,Tien_dat_coc,Tong_tien) 
values ('HDso6','HC002',4,'house','2019-02-18','2019-02-20','3000','15000');
insert into hop_dong (idhop_dong,idnhan_vien,idkhach_hang,iddich_vu,Ngay_bat_dau,Ngay_ket_thuc,Tien_dat_coc,Tong_tien) 
values ('HDso8','HC002',3,'house','2019-03-16','2019-03-23','3000','17500');
insert into hop_dong (idhop_dong,idnhan_vien,idkhach_hang,iddich_vu,Ngay_bat_dau,Ngay_ket_thuc,Tien_dat_coc,Tong_tien) 
values ('HDso1','HC003',2,'house','2014-01-16','2014-01-20','2000','13000');
insert into hop_dong (idhop_dong,idnhan_vien,idkhach_hang,iddich_vu,Ngay_bat_dau,Ngay_ket_thuc,Tien_dat_coc,Tong_tien) 
values ('HDso2','HC001',1,'room','2015-05-12','2015-05-15','3600','5000');
insert into hop_dong (idhop_dong,idnhan_vien,idkhach_hang,iddich_vu,Ngay_bat_dau,Ngay_ket_thuc,Tien_dat_coc,Tong_tien) 
values ('HDso9','HC003',1,'room','2020-05-13','2020-05-15','3300','6600');
insert into hop_dong (idhop_dong,idnhan_vien,idkhach_hang,iddich_vu,Ngay_bat_dau,Ngay_ket_thuc,Tien_dat_coc,Tong_tien) 
values ('HDso10','HC001',1,'room','2020-09-25','2020-09-30','3100','7500');

 -- -------------------------------------------------------------------------------------------------------
insert into hop_dong_chi_tiet (idhop_dong_chi_tiet,idhop_dong,iddich_vu_di_kem,So_luong) 
values ('HDCTso1','HDso1','car',2);
insert into hop_dong_chi_tiet (idhop_dong_chi_tiet,idhop_dong,iddich_vu_di_kem,So_luong) 
values ('HDCTso2','HDso2','drink',4);
insert into hop_dong_chi_tiet (idhop_dong_chi_tiet,idhop_dong,iddich_vu_di_kem,So_luong) 
values ('HDCTso3','HDso3','food',3);
insert into hop_dong_chi_tiet (idhop_dong_chi_tiet,idhop_dong,iddich_vu_di_kem,So_luong) 
values ('HDCTso4','HDso4','karaoke',2);
insert into hop_dong_chi_tiet (idhop_dong_chi_tiet,idhop_dong,iddich_vu_di_kem,So_luong) 
values ('HDCTso5','HDso5','massage',6);
insert into hop_dong_chi_tiet (idhop_dong_chi_tiet,idhop_dong,iddich_vu_di_kem,So_luong) 
values ('HDCTso6','HDso2','karaoke',7);
insert into hop_dong_chi_tiet (idhop_dong_chi_tiet,idhop_dong,iddich_vu_di_kem,So_luong) 
values ('HDCTso7','HDso1','food',2);
insert into hop_dong_chi_tiet (idhop_dong_chi_tiet,idhop_dong,iddich_vu_di_kem,So_luong) 
values ('HDCTso8','HDso5','drink',3);
insert into hop_dong_chi_tiet (idhop_dong_chi_tiet,idhop_dong,iddich_vu_di_kem,So_luong) 
values ('HDCTso9','HDso4','massage',4);
insert into hop_dong_chi_tiet (idhop_dong_chi_tiet,idhop_dong,iddich_vu_di_kem,So_luong) 
values ('HDCTso10','HDso6','car',1);
insert into hop_dong_chi_tiet (idhop_dong_chi_tiet,idhop_dong,iddich_vu_di_kem,So_luong) 
values ('HDCTso11','HDso7','massage',3);
insert into hop_dong_chi_tiet (idhop_dong_chi_tiet,idhop_dong,iddich_vu_di_kem,So_luong) 
values ('HDCTso12','HDso8','drink',5);
insert into hop_dong_chi_tiet (idhop_dong_chi_tiet,idhop_dong,iddich_vu_di_kem,So_luong) 
values ('HDCTso13','HDso9','food',2);
insert into hop_dong_chi_tiet (idhop_dong_chi_tiet,idhop_dong,iddich_vu_di_kem,So_luong) 
values ('HDCTso14','HDso10','karaoke',7);